run_year,fishery,Location,Month,limit
1981,40,FB,2,20
1981,40,KC,2,20
1981,40,MO,2,20
1981,40,SF,2,20
1981,40,FB,3,20
1981,40,KC,3,20
1981,40,MO,3,20
1981,40,SF,3,20
1981,40,FB,4,20
1981,40,KC,4,20
1981,40,MO,4,20
1981,40,SF,4,20
1981,10,CO,5,26
1981,10,FB,5,26
1981,10,KC,5,26
1981,10,KO,5,26
1981,10,MO,5,26
1981,10,NO,5,26
1981,10,SF,5,26
1981,40,CO,5,22
1981,40,FB,5,20
1981,40,KC,5,20
1981,40,KO,5,22
1981,40,MO,5,20
1981,40,NO,5,22
1981,40,SF,5,20
1981,10,FB,6,26
1981,10,KC,6,26
1981,10,MO,6,26
1981,10,SF,6,26
1981,40,CO,6,22
1981,40,FB,6,20
1981,40,KC,6,20
1981,40,KO,6,22
1981,40,MO,6,20
1981,40,NO,6,22
1981,40,SF,6,20
1981,10,CO,7,26
1981,10,FB,7,26
1981,10,KC,7,26
1981,10,KO,7,26
1981,10,MO,7,26
1981,10,NO,7,26
1981,10,SF,7,26
1981,40,CO,7,22
1981,40,FB,7,20
1981,40,KC,7,20
1981,40,KO,7,22
1981,40,MO,7,20
1981,40,NO,7,22
1981,40,SF,7,20
1981,10,CO,8,26
1981,10,FB,8,26
1981,10,KC,8,26
1981,10,KO,8,26
1981,10,MO,8,26
1981,10,NO,8,26
1981,10,SF,8,26
1981,40,CO,8,22
1981,40,FB,8,20
1981,40,KC,8,20
1981,40,KO,8,22
1981,40,MO,8,20
1981,40,NO,8,22
1981,40,SF,8,20
1981,10,CO,9,26
1981,10,FB,9,26
1981,10,KC,9,26
1981,10,KO,9,26
1981,10,MO,9,26
1981,10,NO,9,26
1981,10,SF,9,26
1981,40,CO,9,22
1981,40,FB,9,20
1981,40,KC,9,20
1981,40,KO,9,22
1981,40,MO,9,20
1981,40,NO,9,22
1981,40,SF,9,20
1981,10,CO,10,26
1981,10,KO,10,26
1981,10,NO,10,26
1981,40,FB,10,20
1981,40,KC,10,20
1981,40,KO,10,22
1981,40,MO,10,20
1981,40,SF,10,20
1981,10,CO,11,26
1981,10,KO,11,26
1981,40,FB,11,20
1981,40,KC,11,20
1981,40,KO,11,22
1981,40,MO,11,20
1981,40,SF,11,20
1982,40,FB,2,20
1982,40,KC,2,20
1982,40,MO,2,20
1982,40,SF,2,20
1982,40,FB,3,20
1982,40,KC,3,20
1982,40,MO,3,20
1982,40,SF,3,20
1982,10,MO,4,26
1982,10,SF,4,26
1982,40,FB,4,20
1982,40,KC,4,20
1982,40,MO,4,20
1982,40,SF,4,20
1982,10,CO,5,26
1982,10,FB,5,26
1982,10,KC,5,26
1982,10,KO,5,26
1982,10,MO,5,26
1982,10,NO,5,26
1982,10,SF,5,26
1982,40,CO,5,0
1982,40,FB,5,20
1982,40,KC,5,20
1982,40,KO,5,0
1982,40,MO,5,20
1982,40,NO,5,0
1982,40,SF,5,20
1982,10,CO,6,26
1982,10,FB,6,26
1982,10,KC,6,26
1982,10,KO,6,26
1982,10,MO,6,26
1982,10,NO,6,26
1982,10,SF,6,26
1982,40,CO,6,0
1982,40,FB,6,20
1982,40,KC,6,20
1982,40,KO,6,0
1982,40,MO,6,20
1982,40,NO,6,0
1982,40,SF,6,20
1982,10,CO,7,26
1982,10,FB,7,26
1982,10,KC,7,26
1982,10,KO,7,26
1982,10,MO,7,26
1982,10,NO,7,26
1982,10,SF,7,26
1982,40,CO,7,0
1982,40,FB,7,20
1982,40,KC,7,20
1982,40,KO,7,0
1982,40,MO,7,20
1982,40,NO,7,0
1982,40,SF,7,20
1982,10,CO,8,26
1982,10,FB,8,26
1982,10,KC,8,26
1982,10,KO,8,26
1982,10,MO,8,26
1982,10,NO,8,26
1982,10,SF,8,26
1982,40,CO,8,0
1982,40,FB,8,20
1982,40,KC,8,20
1982,40,KO,8,0
1982,40,MO,8,20
1982,40,NO,8,0
1982,40,SF,8,20
1982,10,CO,9,26
1982,10,FB,9,26
1982,10,KC,9,26
1982,10,KO,9,26
1982,10,MO,9,26
1982,10,NO,9,26
1982,10,SF,9,26
1982,40,CO,9,0
1982,40,FB,9,20
1982,40,KC,9,20
1982,40,KO,9,0
1982,40,MO,9,20
1982,40,NO,9,0
1982,40,SF,9,20
1982,10,CO,10,26
1982,10,KO,10,26
1982,10,NO,10,26
1982,40,CO,10,0
1982,40,FB,10,20
1982,40,KC,10,20
1982,40,KO,10,0
1982,40,MO,10,20
1982,40,NO,10,0
1982,40,SF,10,20
1982,10,CO,11,26
1982,10,KO,11,26
1982,40,FB,11,20
1982,40,KC,11,20
1982,40,KO,11,0
1982,40,MO,11,20
1982,40,SF,11,20
1983,40,FB,2,20
1983,40,KC,2,20
1983,40,MO,2,20
1983,40,SF,2,20
1983,40,FB,3,20
1983,40,KC,3,20
1983,40,MO,3,20
1983,40,SF,3,20
1983,10,MO,4,26
1983,10,SF,4,26
1983,40,FB,4,20
1983,40,KC,4,20
1983,40,MO,4,20
1983,40,SF,4,20
1983,10,CO,5,26
1983,10,FB,5,26
1983,10,KC,5,26
1983,10,KO,5,26
1983,10,MO,5,26
1983,10,NO,5,26
1983,10,SF,5,26
1983,40,FB,5,20
1983,40,KC,5,20
1983,40,KO,5,0
1983,40,MO,5,20
1983,40,SF,5,20
1983,10,CO,6,26
1983,10,FB,6,26
1983,10,KC,6,26
1983,10,KO,6,26
1983,10,MO,6,26
1983,10,NO,6,26
1983,10,SF,6,26
1983,40,CO,6,0
1983,40,FB,6,20
1983,40,KC,6,20
1983,40,KO,6,0
1983,40,MO,6,20
1983,40,NO,6,0
1983,40,SF,6,20
1983,10,CO,7,26
1983,10,FB,7,26
1983,10,KC,7,26
1983,10,KO,7,26
1983,10,MO,7,26
1983,10,NO,7,26
1983,10,SF,7,26
1983,40,CO,7,0
1983,40,FB,7,20
1983,40,KC,7,20
1983,40,KO,7,0
1983,40,MO,7,20
1983,40,NO,7,0
1983,40,SF,7,20
1983,10,CO,8,26
1983,10,FB,8,26
1983,10,KC,8,26
1983,10,KO,8,26
1983,10,MO,8,26
1983,10,NO,8,26
1983,10,SF,8,26
1983,40,CO,8,0
1983,40,FB,8,20
1983,40,KC,8,20
1983,40,KO,8,0
1983,40,MO,8,20
1983,40,NO,8,0
1983,40,SF,8,20
1983,10,CO,9,26
1983,10,FB,9,26
1983,10,KO,9,26
1983,10,MO,9,26
1983,10,NO,9,26
1983,10,SF,9,26
1983,40,CO,9,0
1983,40,FB,9,20
1983,40,KC,9,20
1983,40,KO,9,0
1983,40,MO,9,20
1983,40,NO,9,0
1983,40,SF,9,20
1983,10,CO,10,26
1983,10,KO,10,26
1983,10,NO,10,26
1983,40,FB,10,20
1983,40,KC,10,20
1983,40,KO,10,0
1983,40,MO,10,20
1983,40,NO,10,0
1983,40,SF,10,20
1983,10,CO,11,26
1983,10,KO,11,26
1983,40,FB,11,20
1983,40,KC,11,20
1983,40,KO,11,0
1983,40,MO,11,20
1983,40,SF,11,20
1984,40,FB,2,20
1984,40,KC,2,20
1984,40,MO,2,20
1984,40,SF,2,20
1984,40,FB,3,20
1984,40,KC,3,20
1984,40,MO,3,20
1984,40,SF,3,20
1984,40,FB,4,20
1984,40,KC,4,20
1984,40,MO,4,20
1984,40,SF,4,20
1984,10,CO,5,26
1984,10,FB,5,26
1984,10,KC,5,26
1984,10,KO,5,26
1984,10,MO,5,26
1984,10,NO,5,26
1984,10,SF,5,26
1984,40,FB,5,20
1984,40,KC,5,20
1984,40,MO,5,20
1984,40,SF,5,20
1984,10,CO,6,26
1984,10,FB,6,26
1984,10,KC,6,26
1984,10,KO,6,26
1984,10,MO,6,26
1984,10,NO,6,26
1984,10,SF,6,26
1984,40,FB,6,20
1984,40,KC,6,20
1984,40,MO,6,20
1984,40,SF,6,20
1984,10,CO,7,26
1984,10,FB,7,26
1984,10,KC,7,26
1984,10,KO,7,26
1984,10,MO,7,26
1984,10,NO,7,26
1984,10,SF,7,26
1984,40,CO,7,20
1984,40,FB,7,20
1984,40,KC,7,20
1984,40,KO,7,20
1984,40,MO,7,20
1984,40,NO,7,20
1984,40,SF,7,20
1984,10,CO,8,26
1984,10,FB,8,26
1984,10,KC,8,26
1984,10,KO,8,26
1984,10,MO,8,26
1984,10,NO,8,26
1984,10,SF,8,26
1984,40,CO,8,20
1984,40,FB,8,20
1984,40,KC,8,20
1984,40,KO,8,20
1984,40,MO,8,20
1984,40,NO,8,20
1984,40,SF,8,20
1984,10,CO,9,26
1984,10,FB,9,26
1984,10,MO,9,26
1984,10,NO,9,26
1984,10,SF,9,26
1984,40,CO,9,20
1984,40,FB,9,20
1984,40,KC,9,20
1984,40,KO,9,20
1984,40,MO,9,20
1984,40,NO,9,20
1984,40,SF,9,20
1984,10,KO,10,26
1984,10,NO,10,26
1984,40,FB,10,20
1984,40,KC,10,20
1984,40,KO,10,20
1984,40,MO,10,20
1984,40,SF,10,20
1984,10,KO,11,26
1984,40,FB,11,20
1984,40,KC,11,20
1984,40,KO,11,20
1984,40,MO,11,20
1984,40,SF,11,20
1985,40,FB,2,20
1985,40,KC,2,20
1985,40,MO,2,20
1985,40,SF,2,20
1985,40,FB,3,20
1985,40,KC,3,20
1985,40,MO,3,20
1985,40,SF,3,20
1985,40,FB,4,20
1985,40,KC,4,20
1985,40,MO,4,20
1985,40,SF,4,20
1985,10,CO,5,26
1985,10,FB,5,26
1985,10,MO,5,26
1985,10,NO,5,26
1985,10,SF,5,26
1985,40,FB,5,20
1985,40,KC,5,20
1985,40,KO,5,0
1985,40,MO,5,20
1985,40,SF,5,20
1985,10,CO,6,26
1985,10,FB,6,26
1985,10,MO,6,26
1985,10,NO,6,26
1985,10,SF,6,26
1985,40,FB,6,20
1985,40,KC,6,20
1985,40,MO,6,20
1985,40,SF,6,20
1985,10,CO,7,26
1985,10,FB,7,26
1985,10,MO,7,26
1985,10,NO,7,26
1985,10,SF,7,26
1985,40,CO,7,0
1985,40,FB,7,20
1985,40,KC,7,20
1985,40,KO,7,0
1985,40,MO,7,20
1985,40,NO,7,0
1985,40,SF,7,20
1985,10,CO,8,26
1985,10,FB,8,26
1985,10,MO,8,26
1985,10,NO,8,26
1985,10,SF,8,26
1985,40,CO,8,0
1985,40,FB,8,20
1985,40,KC,8,20
1985,40,KO,8,0
1985,40,MO,8,20
1985,40,NO,8,0
1985,40,SF,8,20
1985,10,CO,9,26
1985,10,FB,9,26
1985,10,MO,9,26
1985,10,NO,9,26
1985,10,SF,9,26
1985,40,CO,9,0
1985,40,FB,9,20
1985,40,KC,9,20
1985,40,KO,9,0
1985,40,MO,9,20
1985,40,NO,9,0
1985,40,SF,9,20
1985,10,CO,10,26
1985,10,KO,10,26
1985,10,NO,10,26
1985,40,CO,10,0
1985,40,FB,10,20
1985,40,KC,10,20
1985,40,KO,10,0
1985,40,MO,10,20
1985,40,NO,10,0
1985,40,SF,10,20
1985,10,CO,11,26
1985,10,KO,11,26
1985,40,FB,11,20
1985,40,KC,11,20
1985,40,KO,11,0
1985,40,MO,11,20
1985,40,SF,11,20
1986,40,FB,2,20
1986,40,KC,2,20
1986,40,MO,2,20
1986,40,SF,2,20
1986,40,FB,3,20
1986,40,KC,3,20
1986,40,MO,3,20
1986,40,SF,3,20
1986,40,FB,4,20
1986,40,MO,4,20
1986,40,SF,4,20
1986,10,CO,5,26
1986,10,FB,5,26
1986,10,KO,5,26
1986,10,MO,5,26
1986,10,NO,5,26
1986,10,SF,5,26
1986,40,CO,5,0
1986,40,FB,5,20
1986,40,KC,5,20
1986,40,KO,5,20
1986,40,MO,5,20
1986,40,NO,5,0
1986,40,SF,5,20
1986,10,CO,6,26
1986,10,FB,6,26
1986,10,KC,6,26
1986,10,KO,6,26
1986,10,MO,6,26
1986,10,NO,6,26
1986,10,SF,6,26
1986,40,CO,6,0
1986,40,FB,6,20
1986,40,KC,6,20
1986,40,KO,6,20
1986,40,MO,6,20
1986,40,NO,6,0
1986,40,SF,6,20
1986,10,CO,7,26
1986,10,FB,7,26
1986,10,KC,7,26
1986,10,KO,7,26
1986,10,MO,7,26
1986,10,NO,7,26
1986,10,SF,7,26
1986,40,CO,7,0
1986,40,FB,7,20
1986,40,KC,7,20
1986,40,KO,7,20
1986,40,MO,7,20
1986,40,NO,7,0
1986,40,SF,7,20
1986,10,CO,8,26
1986,10,FB,8,26
1986,10,KC,8,26
1986,10,KO,8,26
1986,10,MO,8,26
1986,10,NO,8,26
1986,10,SF,8,26
1986,40,CO,8,0
1986,40,FB,8,20
1986,40,KC,8,20
1986,40,KO,8,20
1986,40,MO,8,20
1986,40,NO,8,0
1986,40,SF,8,20
1986,10,CO,9,26
1986,10,FB,9,26
1986,10,KC,9,26
1986,10,MO,9,26
1986,10,NO,9,26
1986,10,SF,9,26
1986,40,FB,9,20
1986,40,KC,9,20
1986,40,KO,9,20
1986,40,MO,9,20
1986,40,NO,9,0
1986,40,SF,9,20
1986,10,CO,10,26
1986,10,KO,10,26
1986,10,NO,10,26
1986,40,FB,10,20
1986,40,KO,10,20
1986,40,MO,10,20
1986,40,NO,10,0
1986,40,SF,10,20
1986,10,CO,11,26
1986,10,KO,11,26
1986,10,NO,11,26
1986,40,FB,11,20
1986,40,KO,11,20
1986,40,MO,11,20
1986,40,NO,11,0
1986,40,SF,11,20
1987,40,FB,2,20
1987,40,MO,2,20
1987,40,SF,2,20
1987,40,FB,3,20
1987,40,MO,3,20
1987,40,SF,3,20
1987,40,FB,4,20
1987,40,MO,4,20
1987,40,SF,4,20
1987,10,CO,5,26
1987,10,FB,5,26
1987,10,KO,5,26
1987,10,MO,5,26
1987,10,NO,5,26
1987,10,SF,5,26
1987,40,FB,5,20
1987,40,KC,5,20
1987,40,KO,5,20
1987,40,MO,5,20
1987,40,SF,5,20
1987,10,CO,6,26
1987,10,FB,6,26
1987,10,KC,6,26
1987,10,KO,6,26
1987,10,MO,6,26
1987,10,NO,6,26
1987,10,SF,6,26
1987,40,CO,6,0
1987,40,FB,6,20
1987,40,KC,6,20
1987,40,KO,6,20
1987,40,MO,6,20
1987,40,NO,6,0
1987,40,SF,6,20
1987,10,CO,7,26
1987,10,FB,7,26
1987,10,MO,7,26
1987,10,NO,7,26
1987,10,SF,7,26
1987,40,CO,7,0
1987,40,FB,7,20
1987,40,KC,7,20
1987,40,KO,7,20
1987,40,MO,7,20
1987,40,NO,7,0
1987,40,SF,7,20
1987,10,CO,8,26
1987,10,FB,8,26
1987,10,MO,8,26
1987,10,NO,8,26
1987,10,SF,8,26
1987,40,CO,8,0
1987,40,FB,8,20
1987,40,KC,8,20
1987,40,KO,8,20
1987,40,MO,8,20
1987,40,NO,8,0
1987,40,SF,8,20
1987,10,CO,9,26
1987,10,FB,9,26
1987,10,KC,9,26
1987,10,MO,9,26
1987,10,NO,9,26
1987,10,SF,9,26
1987,40,CO,9,0
1987,40,FB,9,20
1987,40,KC,9,20
1987,40,KO,9,20
1987,40,MO,9,20
1987,40,NO,9,0
1987,40,SF,9,20
1987,10,CO,10,26
1987,10,KO,10,26
1987,10,NO,10,26
1987,40,FB,10,20
1987,40,KO,10,20
1987,40,MO,10,20
1987,40,NO,10,0
1987,40,SF,10,20
1987,10,CO,11,26
1987,10,KO,11,26
1987,40,FB,11,20
1987,40,KO,11,20
1987,40,MO,11,20
1987,40,SF,11,20
1988,40,FB,2,20
1988,40,MO,2,20
1988,40,SF,2,20
1988,40,FB,3,20
1988,40,MO,3,20
1988,40,SF,3,20
1988,40,FB,4,20
1988,40,MO,4,20
1988,40,SF,4,20
1988,10,CO,5,26
1988,10,FB,5,26
1988,10,KO,5,26
1988,10,MO,5,26
1988,10,NO,5,26
1988,10,SF,5,26
1988,40,CO,5,20
1988,40,FB,5,20
1988,40,KC,5,20
1988,40,KO,5,20
1988,40,MO,5,20
1988,40,NO,5,20
1988,40,SF,5,20
1988,10,CO,6,26
1988,10,FB,6,26
1988,10,KC,6,26
1988,10,KO,6,26
1988,10,MO,6,26
1988,10,NO,6,26
1988,10,SF,6,26
1988,40,CO,6,20
1988,40,FB,6,20
1988,40,KC,6,20
1988,40,KO,6,20
1988,40,MO,6,20
1988,40,NO,6,20
1988,40,SF,6,20
1988,10,CO,7,26
1988,10,FB,7,26
1988,10,MO,7,26
1988,10,NO,7,26
1988,10,SF,7,26
1988,40,CO,7,20
1988,40,FB,7,20
1988,40,KC,7,20
1988,40,KO,7,20
1988,40,MO,7,20
1988,40,NO,7,20
1988,40,SF,7,20
1988,10,CO,8,26
1988,10,FB,8,26
1988,10,MO,8,26
1988,10,NO,8,26
1988,10,SF,8,26
1988,40,CO,8,20
1988,40,FB,8,20
1988,40,KC,8,20
1988,40,KO,8,20
1988,40,MO,8,20
1988,40,NO,8,20
1988,40,SF,8,20
1988,10,CO,9,26
1988,10,FB,9,26
1988,10,KC,9,26
1988,10,KO,9,26
1988,10,MO,9,26
1988,10,NO,9,26
1988,10,SF,9,26
1988,40,CO,9,20
1988,40,FB,9,20
1988,40,KC,9,20
1988,40,KO,9,20
1988,40,MO,9,20
1988,40,NO,9,0
1988,40,SF,9,20
1988,10,CO,10,26
1988,10,KO,10,26
1988,10,NO,10,26
1988,40,FB,10,20
1988,40,KO,10,0
1988,40,MO,10,20
1988,40,NO,10,0
1988,40,SF,10,20
1988,10,CO,11,26
1988,10,KO,11,26
1988,40,FB,11,20
1988,40,KO,11,0
1988,40,MO,11,20
1988,40,SF,11,20
1989,40,FB,2,20
1989,40,MO,2,20
1989,40,SF,2,20
1989,40,FB,3,20
1989,40,MO,3,20
1989,40,SF,3,20
1989,40,FB,4,20
1989,40,MO,4,20
1989,40,SF,4,20
1989,10,CO,5,26
1989,10,FB,5,26
1989,10,KO,5,26
1989,10,MO,5,26
1989,10,NO,5,26
1989,10,SF,5,26
1989,40,CO,5,20
1989,40,FB,5,20
1989,40,KC,5,20
1989,40,KO,5,20
1989,40,MO,5,20
1989,40,NO,5,20
1989,40,SF,5,20
1989,10,CO,6,26
1989,10,FB,6,26
1989,10,KC,6,26
1989,10,KO,6,26
1989,10,MO,6,26
1989,10,NO,6,26
1989,10,SF,6,26
1989,40,CO,6,20
1989,40,FB,6,20
1989,40,KC,6,20
1989,40,KO,6,20
1989,40,MO,6,20
1989,40,NO,6,20
1989,40,SF,6,20
1989,10,CO,7,26
1989,10,FB,7,26
1989,10,MO,7,26
1989,10,NO,7,26
1989,10,SF,7,26
1989,40,CO,7,20
1989,40,FB,7,20
1989,40,KC,7,20
1989,40,KO,7,20
1989,40,MO,7,20
1989,40,NO,7,20
1989,40,SF,7,20
1989,10,CO,8,26
1989,10,FB,8,26
1989,10,KC,8,26
1989,10,KO,8,26
1989,10,MO,8,26
1989,10,NO,8,26
1989,10,SF,8,26
1989,40,CO,8,20
1989,40,FB,8,20
1989,40,KC,8,20
1989,40,KO,8,20
1989,40,MO,8,20
1989,40,NO,8,20
1989,40,SF,8,20
1989,10,CO,9,26
1989,10,FB,9,26
1989,10,KC,9,26
1989,10,KO,9,26
1989,10,MO,9,26
1989,10,NO,9,26
1989,10,SF,9,26
1989,40,CO,9,20
1989,40,FB,9,20
1989,40,KC,9,20
1989,40,KO,9,20
1989,40,MO,9,20
1989,40,NO,9,0
1989,40,SF,9,20
1989,10,CO,10,26
1989,10,KC,10,26
1989,10,KO,10,26
1989,10,NO,10,26
1989,40,FB,10,20
1989,40,KO,10,20
1989,40,MO,10,20
1989,40,NO,10,0
1989,40,SF,10,20
1989,10,CO,11,26
1989,10,KO,11,26
1989,40,FB,11,20
1989,40,KO,11,20
1989,40,MO,11,20
1989,40,SF,11,20
1990,40,FB,2,20
1990,40,MO,2,20
1990,40,SF,2,20
1990,40,FB,3,20
1990,40,MO,3,20
1990,40,SF,3,20
1990,40,FB,4,20
1990,40,MO,4,20
1990,40,SF,4,20
1990,10,CO,5,26
1990,10,FB,5,26
1990,10,KO,5,26
1990,10,MO,5,26
1990,10,NO,5,26
1990,10,SF,5,26
1990,40,CO,5,20
1990,40,FB,5,20
1990,40,KC,5,20
1990,40,KO,5,20
1990,40,MO,5,20
1990,40,NO,5,20
1990,40,SF,5,20
1990,10,CO,6,26
1990,10,FB,6,26
1990,10,MO,6,26
1990,10,NO,6,26
1990,10,SF,6,26
1990,40,CO,6,20
1990,40,FB,6,20
1990,40,KC,6,20
1990,40,KO,6,20
1990,40,MO,6,20
1990,40,NO,6,20
1990,40,SF,6,20
1990,10,CO,7,26
1990,10,FB,7,26
1990,10,MO,7,26
1990,10,NO,7,26
1990,10,SF,7,26
1990,40,CO,7,20
1990,40,FB,7,20
1990,40,KC,7,20
1990,40,KO,7,20
1990,40,MO,7,20
1990,40,NO,7,20
1990,40,SF,7,20
1990,10,CO,8,26
1990,10,FB,8,26
1990,10,KC,8,26
1990,10,KO,8,26
1990,10,MO,8,26
1990,10,NO,8,26
1990,10,SF,8,26
1990,40,CO,8,20
1990,40,FB,8,20
1990,40,KC,8,20
1990,40,KO,8,20
1990,40,MO,8,20
1990,40,NO,8,20
1990,40,SF,8,20
1990,10,CO,9,26
1990,10,FB,9,26
1990,10,KC,9,26
1990,10,KO,9,26
1990,10,MO,9,26
1990,10,NO,9,26
1990,10,SF,9,26
1990,40,CO,9,20
1990,40,FB,9,20
1990,40,KC,9,20
1990,40,KO,9,20
1990,40,MO,9,20
1990,40,NO,9,0
1990,40,SF,9,20
1990,10,CO,10,26
1990,10,KC,10,26
1990,10,NO,10,26
1990,40,FB,10,20
1990,40,KC,10,20
1990,40,MO,10,20
1990,40,NO,10,0
1990,40,SF,10,20
1990,10,CO,11,26
1990,40,FB,11,20
1990,40,MO,11,20
1990,40,SF,11,20
1991,40,FB,2,20
1991,40,FB,3,20
1991,40,MO,3,20
1991,40,SF,3,20
1991,40,FB,4,20
1991,40,MO,4,20
1991,40,SF,4,20
1991,10,MO,5,26
1991,10,NO,5,26
1991,10,SF,5,26
1991,40,CO,5,20
1991,40,FB,5,20
1991,40,KC,5,20
1991,40,KO,5,20
1991,40,MO,5,20
1991,40,NO,5,20
1991,40,SF,5,20
1991,10,CO,6,26
1991,10,MO,6,26
1991,10,NO,6,26
1991,10,SF,6,26
1991,40,CO,6,20
1991,40,FB,6,20
1991,40,KC,6,20
1991,40,KO,6,20
1991,40,MO,6,20
1991,40,NO,6,20
1991,40,SF,6,20
1991,10,CO,7,26
1991,10,MO,7,26
1991,10,NO,7,26
1991,10,SF,7,26
1991,40,CO,7,20
1991,40,FB,7,20
1991,40,KC,7,20
1991,40,KO,7,20
1991,40,MO,7,20
1991,40,NO,7,20
1991,40,SF,7,20
1991,10,CO,8,26
1991,10,FB,8,26
1991,10,MO,8,26
1991,10,NO,8,26
1991,10,SF,8,26
1991,40,FB,8,20
1991,40,KC,8,20
1991,40,KO,8,20
1991,40,MO,8,20
1991,40,SF,8,20
1991,10,CO,9,26
1991,10,FB,9,26
1991,10,KC,9,26
1991,10,KO,9,26
1991,10,MO,9,26
1991,10,NO,9,26
1991,10,SF,9,26
1991,40,FB,9,20
1991,40,KC,9,20
1991,40,KO,9,20
1991,40,MO,9,20
1991,40,NO,9,24
1991,40,SF,9,20
1991,10,CO,10,26
1991,10,KC,10,26
1991,10,NO,10,26
1991,40,FB,10,20
1991,40,KC,10,20
1991,40,MO,10,20
1991,40,NO,10,24
1991,40,SF,10,20
1991,40,FB,11,20
1991,40,MO,11,20
1991,40,SF,11,20
1992,40,FB,2,20
1992,40,MO,2,20
1992,40,SF,2,20
1992,40,FB,3,20
1992,40,MO,3,20
1992,40,SF,3,20
1992,40,FB,4,20
1992,40,MO,4,20
1992,40,SF,4,20
1992,10,MO,5,26
1992,10,NO,5,26
1992,10,SF,5,26
1992,40,CO,5,20
1992,40,FB,5,20
1992,40,MO,5,20
1992,40,NO,5,20
1992,40,SF,5,20
1992,10,MO,6,26
1992,10,SF,6,26
1992,40,CO,6,20
1992,40,FB,6,20
1992,40,MO,6,20
1992,40,NO,6,20
1992,40,SF,6,20
1992,10,MO,7,26
1992,10,NO,7,26
1992,10,SF,7,26
1992,40,CO,7,20
1992,40,FB,7,20
1992,40,KC,7,20
1992,40,KO,7,20
1992,40,MO,7,20
1992,40,NO,7,20
1992,40,SF,7,20
1992,10,MO,8,26
1992,10,NO,8,26
1992,10,SF,8,26
1992,40,MO,8,20
1992,40,NO,8,20
1992,40,SF,8,20
1992,10,MO,9,26
1992,10,NO,9,26
1992,10,SF,9,26
1992,40,CO,9,20
1992,40,FB,9,20
1992,40,KC,9,20
1992,40,KO,9,20
1992,40,MO,9,20
1992,40,NO,9,0
1992,40,SF,9,20
1992,10,CO,10,26
1992,10,NO,10,26
1992,40,CO,10,20
1992,40,FB,10,20
1992,40,KO,10,20
1992,40,MO,10,20
1992,40,NO,10,0
1992,40,SF,10,20
1992,40,FB,11,20
1992,40,MO,11,20
1992,40,SF,11,20
1993,40,FB,2,20
1993,40,MO,2,20
1993,40,SF,2,20
1993,40,FB,3,20
1993,40,MO,3,20
1993,40,SF,3,20
1993,40,FB,4,20
1993,40,MO,4,20
1993,40,SF,4,20
1993,10,CO,5,26
1993,10,FB,5,26
1993,10,MO,5,26
1993,10,NO,5,26
1993,10,SF,5,26
1993,40,CO,5,20
1993,40,FB,5,20
1993,40,KC,5,20
1993,40,KO,5,20
1993,40,MO,5,20
1993,40,NO,5,20
1993,40,SF,5,20
1993,10,CO,6,26
1993,10,MO,6,26
1993,10,NO,6,26
1993,10,SF,6,26
1993,40,CO,6,20
1993,40,FB,6,20
1993,40,KC,6,20
1993,40,KO,6,20
1993,40,MO,6,20
1993,40,NO,6,20
1993,40,SF,6,20
1993,10,MO,7,26
1993,10,NO,7,26
1993,10,SF,7,26
1993,40,CO,7,20
1993,40,FB,7,20
1993,40,KC,7,20
1993,40,KO,7,20
1993,40,MO,7,20
1993,40,NO,7,20
1993,40,SF,7,20
1993,10,MO,8,26
1993,10,NO,8,26
1993,10,SF,8,26
1993,40,CO,8,20
1993,40,FB,8,20
1993,40,KC,8,20
1993,40,KO,8,20
1993,40,MO,8,20
1993,40,NO,8,20
1993,40,SF,8,20
1993,10,CO,9,26
1993,10,FB,9,26
1993,10,MO,9,26
1993,10,NO,9,26
1993,10,SF,9,26
1993,40,FB,9,20
1993,40,KC,9,20
1993,40,KO,9,20
1993,40,MO,9,20
1993,40,NO,9,0
1993,40,SF,9,20
1993,10,CO,10,26
1993,10,NO,10,26
1993,40,CO,10,20
1993,40,FB,10,20
1993,40,KO,10,20
1993,40,MO,10,20
1993,40,NO,10,0
1993,40,SF,10,20
1993,10,CO,11,26
1993,40,CO,11,20
1993,40,FB,11,20
1993,40,KO,11,20
1994,40,FB,2,20
1994,40,MO,2,20
1994,40,SF,2,20
1994,40,FB,3,20
1994,40,MO,3,20
1994,40,SF,3,20
1994,40,FB,4,20
1994,40,MO,4,20
1994,40,SF,4,20
1994,10,CO,5,26
1994,10,KO,5,26
1994,10,MO,5,26
1994,10,NO,5,26
1994,10,SF,5,26
1994,40,CO,5,20
1994,40,FB,5,20
1994,40,KC,5,20
1994,40,KO,5,20
1994,40,MO,5,20
1994,40,NO,5,20
1994,40,SF,5,20
1994,10,CO,6,26
1994,10,MO,6,26
1994,10,NO,6,26
1994,10,SF,6,26
1994,40,CO,6,20
1994,40,FB,6,20
1994,40,KC,6,20
1994,40,KO,6,20
1994,40,MO,6,20
1994,40,NO,6,20
1994,40,SF,6,20
1994,10,MO,7,26
1994,10,SF,7,26
1994,40,MO,7,20
1994,40,SF,7,20
1994,10,KO,8,26
1994,10,MO,8,26
1994,10,SF,8,26
1994,40,FB,8,20
1994,40,KC,8,20
1994,40,KO,8,20
1994,40,MO,8,20
1994,40,SF,8,20
1994,10,CO,9,26
1994,10,FB,9,26
1994,10,MO,9,26
1994,10,NO,9,26
1994,10,SF,9,26
1994,40,FB,9,20
1994,40,KC,9,20
1994,40,KO,9,20
1994,40,MO,9,20
1994,40,SF,9,20
1994,10,CO,10,26
1994,10,KO,10,26
1994,10,NO,10,26
1994,40,CO,10,20
1994,40,FB,10,20
1994,40,KO,10,20
1994,40,MO,10,20
1994,40,NO,10,20
1994,40,SF,10,20
1994,10,CO,11,26
1994,10,NO,11,26
1994,40,CO,11,20
1994,40,FB,11,20
1994,40,NO,11,20
1995,40,FB,2,20
1995,40,FB,3,20
1995,40,MO,3,20
1995,40,SF,3,20
1995,40,FB,4,20
1995,40,MO,4,20
1995,40,SF,4,20
1995,10,CO,5,26
1995,10,KO,5,26
1995,10,MO,5,26
1995,10,NO,5,26
1995,10,SF,5,26
1995,40,CO,5,20
1995,40,FB,5,20
1995,40,KC,5,20
1995,40,KO,5,20
1995,40,MO,5,20
1995,40,NO,5,20
1995,40,SF,5,20
1995,10,CO,6,26
1995,10,MO,6,26
1995,10,NO,6,26
1995,10,SF,6,26
1995,40,CO,6,20
1995,40,FB,6,20
1995,40,KC,6,20
1995,40,KO,6,20
1995,40,MO,6,20
1995,40,NO,6,20
1995,40,SF,6,20
1995,10,KO,7,26
1995,10,MO,7,26
1995,10,SF,7,26
1995,40,KC,7,20
1995,40,KO,7,20
1995,40,MO,7,20
1995,40,SF,7,20
1995,10,CO,8,26
1995,10,MO,8,26
1995,10,NO,8,26
1995,10,SF,8,26
1995,40,FB,8,20
1995,40,KC,8,20
1995,40,KO,8,20
1995,40,MO,8,20
1995,40,SF,8,20
1995,10,CO,9,26
1995,10,FB,9,26
1995,10,MO,9,26
1995,10,NO,9,26
1995,10,SF,9,26
1995,40,CO,9,20
1995,40,FB,9,20
1995,40,KC,9,20
1995,40,KO,9,20
1995,40,MO,9,20
1995,40,NO,9,20
1995,40,SF,9,20
1995,10,CO,10,26
1995,10,KO,10,26
1995,10,NO,10,26
1995,40,CO,10,20
1995,40,FB,10,20
1995,40,KO,10,20
1995,40,MO,10,20
1995,40,NO,10,20
1995,40,SF,10,20
1995,10,CO,11,26
1995,40,CO,11,20
1995,40,FB,11,20
1995,40,NO,11,20
1996,40,FB,2,24
1996,40,FB,3,24
1996,40,MO,3,24
1996,40,SF,3,24
1996,40,FB,4,24
1996,40,MO,4,24
1996,40,SF,4,24
1996,10,CO,5,26
1996,10,KO,5,26
1996,10,MO,5,26
1996,10,NO,5,26
1996,10,SF,5,26
1996,40,CO,5,20
1996,40,FB,5,24
1996,40,KC,5,20
1996,40,KO,5,20
1996,40,MO,5,24
1996,40,NO,5,20
1996,40,SF,5,24
1996,10,CO,6,26
1996,10,KO,6,26
1996,10,MO,6,26
1996,10,NO,6,26
1996,10,SF,6,26
1996,40,CO,6,20
1996,40,FB,6,24
1996,40,KC,6,20
1996,40,KO,6,20
1996,40,MO,6,24
1996,40,NO,6,20
1996,40,SF,6,24
1996,10,MO,7,27
1996,10,SF,7,27
1996,40,CO,7,20
1996,40,FB,7,24
1996,40,KC,7,20
1996,40,KO,7,20
1996,40,MO,7,26
1996,40,NO,7,20
1996,40,SF,7,26
1996,10,CO,8,26
1996,10,FB,8,27
1996,10,KC,8,27
1996,10,KO,8,26
1996,10,MO,8,27
1996,10,NO,8,26
1996,10,SF,8,27
1996,40,CO,8,20
1996,40,FB,8,24
1996,40,KC,8,20
1996,40,KO,8,20
1996,40,MO,8,26
1996,40,NO,8,20
1996,40,SF,8,26
1996,10,CO,9,26
1996,10,FB,9,27
1996,10,KC,9,27
1996,10,MO,9,27
1996,10,NO,9,26
1996,10,SF,9,27
1996,40,CO,9,20
1996,40,FB,9,24
1996,40,KC,9,20
1996,40,KO,9,20
1996,40,NO,9,20
1996,40,SF,9,26
1996,10,CO,10,26
1996,10,KO,10,26
1996,10,NO,10,26
1996,40,CO,10,20
1996,40,FB,10,24
1996,40,KO,10,20
1996,40,NO,10,20
1996,40,SF,10,26
1996,10,CO,11,26
1996,40,CO,11,20
1996,40,FB,11,24
1997,40,FB,2,24
1997,40,FB,3,24
1997,40,MO,3,24
1997,40,SF,3,24
1997,10,CO,4,26
1997,10,KO,4,26
1997,10,MO,4,26
1997,10,NO,4,26
1997,40,CO,4,20
1997,40,FB,4,24
1997,40,MO,4,24
1997,40,NO,4,20
1997,40,SF,4,24
1997,10,CO,5,26
1997,10,KO,5,26
1997,10,MO,5,26
1997,10,NO,5,26
1997,10,SF,5,26
1997,40,CO,5,20
1997,40,FB,5,24
1997,40,KC,5,20
1997,40,KO,5,20
1997,40,MO,5,24
1997,40,NO,5,20
1997,40,SF,5,24
1997,10,CO,6,26
1997,10,MO,6,26
1997,10,NO,6,26
1997,10,SF,6,26
1997,40,CO,6,20
1997,40,FB,6,24
1997,40,KC,6,20
1997,40,KO,6,20
1997,40,MO,6,24
1997,40,NO,6,20
1997,40,SF,6,24
1997,10,MO,7,26
1997,10,SF,7,26
1997,40,CO,7,20
1997,40,FB,7,24
1997,40,KC,7,20
1997,40,KO,7,20
1997,40,MO,7,24
1997,40,NO,7,20
1997,40,SF,7,0
1997,10,CO,8,26
1997,10,KO,8,26
1997,10,NO,8,26
1997,10,SF,8,26
1997,40,CO,8,20
1997,40,FB,8,24
1997,40,KC,8,20
1997,40,KO,8,20
1997,40,MO,8,24
1997,40,NO,8,20
1997,40,SF,8,0
1997,10,CO,9,26
1997,10,FB,9,26
1997,10,KC,9,26
1997,10,MO,9,26
1997,10,NO,9,26
1997,10,SF,9,26
1997,40,CO,9,20
1997,40,FB,9,24
1997,40,KC,9,20
1997,40,KO,9,20
1997,40,MO,9,24
1997,40,NO,9,20
1997,40,SF,9,24
1997,10,CO,10,26
1997,10,KO,10,26
1997,10,NO,10,26
1997,40,CO,10,20
1997,40,FB,10,24
1997,40,KO,10,20
1997,40,MO,10,24
1997,40,NO,10,20
1997,40,SF,10,24
1997,10,CO,11,26
1997,10,NO,11,26
1997,40,CO,11,20
1997,40,FB,11,24
1997,40,NO,11,20
1997,40,SF,11,24
1998,40,FB,2,24
1998,40,FB,3,24
1998,40,MO,3,24
1998,40,SF,3,24
1998,10,CO,4,26
1998,10,KO,4,26
1998,10,NO,4,26
1998,40,CO,4,20
1998,40,FB,4,24
1998,40,MO,4,24
1998,40,NO,4,20
1998,40,SF,4,24
1998,10,CO,5,26
1998,10,KO,5,26
1998,10,MO,5,26
1998,10,NO,5,26
1998,10,SF,5,26
1998,40,CO,5,20
1998,40,FB,5,24
1998,40,KC,5,20
1998,40,KO,5,20
1998,40,MO,5,24
1998,40,NO,5,20
1998,40,SF,5,24
1998,10,CO,6,26
1998,10,MO,6,26
1998,10,NO,6,26
1998,10,SF,6,26
1998,40,CO,6,20
1998,40,FB,6,24
1998,40,KC,6,20
1998,40,KO,6,20
1998,40,MO,6,24
1998,40,NO,6,20
1998,40,SF,6,24
1998,10,MO,7,26
1998,10,SF,7,26
1998,40,CO,7,20
1998,40,FB,7,24
1998,40,KC,7,20
1998,40,KO,7,20
1998,40,MO,7,24
1998,40,NO,7,20
1998,40,SF,7,0
1998,10,CO,8,26
1998,10,KO,8,26
1998,10,MO,8,26
1998,10,NO,8,26
1998,10,SF,8,26
1998,40,CO,8,20
1998,40,FB,8,24
1998,40,KC,8,20
1998,40,KO,8,20
1998,40,MO,8,24
1998,40,NO,8,20
1998,40,SF,8,0
1998,10,CO,9,26
1998,10,FB,9,26
1998,10,KC,9,26
1998,10,MO,9,26
1998,10,NO,9,26
1998,10,SF,9,26
1998,40,CO,9,20
1998,40,FB,9,24
1998,40,KC,9,20
1998,40,KO,9,20
1998,40,MO,9,24
1998,40,NO,9,20
1998,40,SF,9,24
1998,10,CO,10,26
1998,10,KO,10,26
1998,10,NO,10,26
1998,40,CO,10,20
1998,40,FB,10,24
1998,40,KO,10,20
1998,40,NO,10,20
1998,40,SF,10,24
1998,10,CO,11,26
1998,10,NO,11,26
1998,40,CO,11,20
1998,40,FB,11,24
1998,40,NO,11,20
1998,40,SF,11,24
1999,40,FB,2,24
1999,40,FB,3,24
1999,40,MO,3,24
1999,40,SF,3,24
1999,10,CO,4,26
1999,10,MO,4,26
1999,10,NO,4,26
1999,10,SF,4,26
1999,40,CO,4,20
1999,40,FB,4,24
1999,40,MO,4,24
1999,40,NO,4,20
1999,40,SF,4,24
1999,10,CO,5,26
1999,10,KO,5,26
1999,10,MO,5,26
1999,10,NO,5,26
1999,10,SF,5,26
1999,40,CO,5,20
1999,40,FB,5,24
1999,40,KC,5,20
1999,40,KO,5,20
1999,40,MO,5,24
1999,40,NO,5,20
1999,40,SF,5,24
1999,10,CO,6,26
1999,10,MO,6,26
1999,10,NO,6,26
1999,10,SF,6,26
1999,40,CO,6,20
1999,40,FB,6,24
1999,40,KC,6,20
1999,40,KO,6,20
1999,40,MO,6,24
1999,40,NO,6,20
1999,40,SF,6,24
1999,10,CO,7,26
1999,10,MO,7,27
1999,10,NO,7,26
1999,10,SF,7,27
1999,40,CO,7,20
1999,40,FB,7,24
1999,40,KC,7,20
1999,40,KO,7,20
1999,40,MO,7,24
1999,40,NO,7,20
1999,40,SF,7,24
1999,10,CO,8,26
1999,10,KO,8,26
1999,10,MO,8,27
1999,10,NO,8,26
1999,10,SF,8,27
1999,40,CO,8,20
1999,40,FB,8,24
1999,40,KC,8,20
1999,40,KO,8,20
1999,40,MO,8,0
1999,40,NO,8,20
1999,40,SF,8,0
1999,10,CO,9,26
1999,10,FB,9,26
1999,10,KC,9,26
1999,10,KO,9,26
1999,10,MO,9,27
1999,10,NO,9,26
1999,10,SF,9,27
1999,40,CO,9,20
1999,40,FB,9,24
1999,40,KC,9,20
1999,40,KO,9,20
1999,40,MO,9,0
1999,40,NO,9,20
1999,40,SF,9,24
1999,10,CO,10,26
1999,10,KO,10,26
1999,10,NO,10,26
1999,40,CO,10,20
1999,40,FB,10,24
1999,40,KO,10,20
1999,40,NO,10,20
1999,40,SF,10,24
1999,10,CO,11,26
1999,10,NO,11,26
1999,40,CO,11,20
1999,40,FB,11,24
1999,40,NO,11,20
1999,10,CO,12,26
1999,40,CO,12,20
2000,40,FB,2,24
2000,40,FB,3,24
2000,10,CO,4,26
2000,10,NO,4,26
2000,40,CO,4,20
2000,40,FB,4,24
2000,40,MO,4,24
2000,40,NO,4,20
2000,40,SF,4,24
2000,10,CO,5,26
2000,10,KO,5,26
2000,10,MO,5,26
2000,10,NO,5,26
2000,10,SF,5,26
2000,40,CO,5,20
2000,40,FB,5,24
2000,40,KC,5,20
2000,40,KO,5,20
2000,40,MO,5,24
2000,40,NO,5,20
2000,40,SF,5,24
2000,10,CO,6,26
2000,10,MO,6,26
2000,10,NO,6,26
2000,10,SF,6,26
2000,40,CO,6,20
2000,40,FB,6,20
2000,40,KC,6,20
2000,40,KO,6,20
2000,40,MO,6,20
2000,40,NO,6,20
2000,40,SF,6,20
2000,10,CO,7,26
2000,10,MO,7,27
2000,10,NO,7,26
2000,10,SF,7,27
2000,40,CO,7,20
2000,40,FB,7,20
2000,40,KC,7,20
2000,40,KO,7,20
2000,40,MO,7,20
2000,40,NO,7,20
2000,40,SF,7,20
2000,10,CO,8,26
2000,10,KO,8,26
2000,10,MO,8,27
2000,10,NO,8,26
2000,10,SF,8,27
2000,40,CO,8,20
2000,40,FB,8,20
2000,40,KC,8,20
2000,40,KO,8,20
2000,40,MO,8,20
2000,40,NO,8,20
2000,40,SF,8,20
2000,10,CO,9,26
2000,10,FB,9,26
2000,10,KC,9,26
2000,10,KO,9,26
2000,10,NO,9,26
2000,10,SF,9,27
2000,40,CO,9,20
2000,40,FB,9,20
2000,40,KC,9,20
2000,40,KO,9,20
2000,40,MO,9,20
2000,40,NO,9,20
2000,40,SF,9,20
2000,10,CO,10,26
2000,10,KO,10,26
2000,10,NO,10,26
2000,40,CO,10,20
2000,40,FB,10,20
2000,40,KO,10,20
2000,40,MO,10,20
2000,40,NO,10,20
2000,40,SF,10,20
2000,10,CO,11,26
2000,10,NO,11,26
2000,40,CO,11,20
2000,40,FB,11,20
2000,40,NO,11,20
2000,40,SF,11,20
2000,10,CO,12,26
2000,40,CO,12,20
2001,40,FB,2,24
2001,40,FB,3,24
2001,40,MO,3,24
2001,10,CO,4,26
2001,10,NO,4,26
2001,40,CO,4,20
2001,40,FB,4,24
2001,40,MO,4,24
2001,40,NO,4,20
2001,40,SF,4,24
2001,10,CO,5,26
2001,10,FB,5,26
2001,10,KO,5,26
2001,10,MO,5,26
2001,10,NO,5,26
2001,10,SF,5,26
2001,40,CO,5,20
2001,40,FB,5,24
2001,40,KC,5,20
2001,40,KO,5,20
2001,40,MO,5,24
2001,40,NO,5,20
2001,40,SF,5,24
2001,10,CO,6,26
2001,10,KO,6,26
2001,10,MO,6,26
2001,10,NO,6,26
2001,10,SF,6,26
2001,40,CO,6,20
2001,40,FB,6,20
2001,40,KC,6,20
2001,40,KO,6,20
2001,40,MO,6,24
2001,40,NO,6,20
2001,40,SF,6,24
2001,10,CO,7,26
2001,10,MO,7,27
2001,10,NO,7,26
2001,10,SF,7,27
2001,40,CO,7,20
2001,40,FB,7,20
2001,40,KC,7,20
2001,40,KO,7,20
2001,40,MO,7,20
2001,40,NO,7,20
2001,40,SF,7,20
2001,10,CO,8,26
2001,10,KO,8,26
2001,10,MO,8,27
2001,10,NO,8,26
2001,10,SF,8,27
2001,40,CO,8,20
2001,40,FB,8,20
2001,40,KC,8,20
2001,40,KO,8,20
2001,40,MO,8,20
2001,40,NO,8,20
2001,40,SF,8,20
2001,10,CO,9,26
2001,10,FB,9,26
2001,10,KC,9,26
2001,10,KO,9,26
2001,10,MO,9,27
2001,10,NO,9,26
2001,10,SF,9,27
2001,40,CO,9,20
2001,40,FB,9,20
2001,40,KC,9,20
2001,40,KO,9,20
2001,40,MO,9,20
2001,40,NO,9,20
2001,40,SF,9,20
2001,10,CO,10,26
2001,10,KO,10,26
2001,10,NO,10,26
2001,10,SF,10,27
2001,40,CO,10,20
2001,40,FB,10,20
2001,40,KO,10,20
2001,40,NO,10,20
2001,40,SF,10,20
2001,10,CO,11,26
2001,10,NO,11,26
2001,40,CO,11,20
2001,40,FB,11,20
2001,40,NO,11,20
2001,40,SF,11,20
2001,10,CO,12,26
2001,40,CO,12,20
2002,40,FB,2,24
2002,10,CO,3,26
2002,10,KO,3,26
2002,10,NO,3,26
2002,40,FB,3,24
2002,40,MO,3,24
2002,10,CO,4,26
2002,10,KO,4,26
2002,10,NO,4,26
2002,40,CO,4,20
2002,40,FB,4,24
2002,40,MO,4,24
2002,40,NO,4,20
2002,40,SF,4,24
2002,10,CO,5,26
2002,10,KO,5,26
2002,10,MO,5,26
2002,10,NO,5,26
2002,10,SF,5,26
2002,40,CO,5,20
2002,40,FB,5,20
2002,40,KC,5,20
2002,40,KO,5,20
2002,40,MO,5,20
2002,40,NO,5,20
2002,40,SF,5,20
2002,10,CO,6,26
2002,10,KO,6,26
2002,10,MO,6,26
2002,10,NO,6,26
2002,10,SF,6,26
2002,40,CO,6,20
2002,40,FB,6,20
2002,40,KC,6,20
2002,40,KO,6,20
2002,40,MO,6,20
2002,40,NO,6,20
2002,40,SF,6,20
2002,10,CO,7,26
2002,10,FB,7,26
2002,10,KO,7,26
2002,10,MO,7,26
2002,10,NO,7,26
2002,10,SF,7,26
2002,40,CO,7,20
2002,40,FB,7,20
2002,40,KC,7,20
2002,40,KO,7,20
2002,40,MO,7,20
2002,40,NO,7,20
2002,40,SF,7,20
2002,10,CO,8,26
2002,10,FB,8,26
2002,10,KC,8,26
2002,10,KO,8,26
2002,10,MO,8,26
2002,10,NO,8,26
2002,10,SF,8,26
2002,40,CO,8,20
2002,40,FB,8,20
2002,40,KC,8,20
2002,40,KO,8,20
2002,40,MO,8,20
2002,40,NO,8,20
2002,40,SF,8,20
2002,10,CO,9,26
2002,10,FB,9,26
2002,10,KC,9,26
2002,10,KO,9,26
2002,10,MO,9,26
2002,10,NO,9,26
2002,10,SF,9,26
2002,40,CO,9,20
2002,40,FB,9,20
2002,40,KC,9,20
2002,40,KO,9,20
2002,40,MO,9,20
2002,40,NO,9,20
2002,40,SF,9,20
2002,10,CO,10,26
2002,10,KO,10,26
2002,10,NO,10,26
2002,10,SF,10,26
2002,40,CO,10,20
2002,40,FB,10,20
2002,40,KO,10,20
2002,40,NO,10,20
2002,40,SF,10,20
2002,10,CO,11,26
2002,10,KO,11,26
2002,10,NO,11,26
2002,40,CO,11,20
2002,40,FB,11,20
2002,40,NO,11,20
2002,40,SF,11,20
2002,10,CO,12,26
2002,40,CO,12,20
2003,40,FB,2,24
2003,10,CO,3,26
2003,10,KO,3,26
2003,10,NO,3,26
2003,40,CO,3,20
2003,40,FB,3,24
2003,40,MO,3,24
2003,40,NO,3,20
2003,10,CO,4,26
2003,10,KO,4,26
2003,10,NO,4,26
2003,40,CO,4,20
2003,40,FB,4,24
2003,40,MO,4,24
2003,40,NO,4,20
2003,40,SF,4,24
2003,10,CO,5,27
2003,10,FB,5,26
2003,10,KO,5,26
2003,10,MO,5,26
2003,10,NO,5,27
2003,10,SF,5,26
2003,40,CO,5,20
2003,40,FB,5,20
2003,40,KC,5,20
2003,40,KO,5,20
2003,40,MO,5,20
2003,40,NO,5,20
2003,40,SF,5,20
2003,10,CO,6,27
2003,10,KO,6,26
2003,10,MO,6,26
2003,10,NO,6,27
2003,10,SF,6,26
2003,40,CO,6,20
2003,40,FB,6,20
2003,40,KC,6,20
2003,40,KO,6,20
2003,40,MO,6,20
2003,40,NO,6,20
2003,40,SF,6,20
2003,10,CO,7,27
2003,10,FB,7,26
2003,10,KO,7,26
2003,10,MO,7,26
2003,10,NO,7,27
2003,10,SF,7,26
2003,40,CO,7,20
2003,40,FB,7,20
2003,40,KC,7,20
2003,40,KO,7,20
2003,40,MO,7,20
2003,40,NO,7,20
2003,40,SF,7,20
2003,10,CO,8,27
2003,10,FB,8,26
2003,10,KO,8,26
2003,10,MO,8,26
2003,10,NO,8,27
2003,10,SF,8,26
2003,40,CO,8,20
2003,40,FB,8,20
2003,40,KC,8,20
2003,40,KO,8,20
2003,40,MO,8,20
2003,40,NO,8,20
2003,40,SF,8,20
2003,10,CO,9,27
2003,10,FB,9,26
2003,10,KC,9,26
2003,10,KO,9,28
2003,10,MO,9,26
2003,10,NO,9,27
2003,10,SF,9,26
2003,40,CO,9,20
2003,40,FB,9,20
2003,40,KC,9,20
2003,40,KO,9,20
2003,40,MO,9,20
2003,40,NO,9,20
2003,40,SF,9,20
2003,10,CO,10,28
2003,10,KO,10,26
2003,10,NO,10,28
2003,10,SF,10,26
2003,40,CO,10,20
2003,40,FB,10,20
2003,40,KO,10,20
2003,40,NO,10,20
2003,40,SF,10,20
2003,10,CO,11,26
2003,10,KO,11,26
2003,10,NO,11,26
2003,40,CO,11,20
2003,40,FB,11,20
2003,40,NO,11,20
2003,40,SF,11,20
2003,10,CO,12,26
2003,40,CO,12,20
2004,40,FB,2,24
2004,10,CO,3,26
2004,10,KO,3,26
2004,10,NO,3,26
2004,40,CO,3,20
2004,40,FB,3,24
2004,40,NO,3,20
2004,10,CO,4,26
2004,10,KO,4,26
2004,10,NO,4,26
2004,40,CO,4,20
2004,40,FB,4,24
2004,40,MO,4,24
2004,40,NO,4,20
2004,40,SF,4,24
2004,10,CO,5,27
2004,10,KO,5,27
2004,10,MO,5,26
2004,10,NO,5,27
2004,10,SF,5,26
2004,40,CO,5,20
2004,40,FB,5,20
2004,40,KC,5,20
2004,40,KO,5,20
2004,40,MO,5,20
2004,40,NO,5,20
2004,40,SF,5,20
2004,10,CO,6,27
2004,10,KO,6,27
2004,10,MO,6,26
2004,10,NO,6,27
2004,10,SF,6,26
2004,40,CO,6,20
2004,40,FB,6,20
2004,40,KC,6,20
2004,40,KO,6,20
2004,40,MO,6,20
2004,40,NO,6,20
2004,40,SF,6,20
2004,10,CO,7,27
2004,10,FB,7,27
2004,10,KO,7,27
2004,10,MO,7,27
2004,10,NO,7,27
2004,10,SF,7,27
2004,40,CO,7,20
2004,40,FB,7,20
2004,40,KC,7,20
2004,40,KO,7,20
2004,40,MO,7,20
2004,40,NO,7,20
2004,40,SF,7,20
2004,10,CO,8,27
2004,10,FB,8,27
2004,10,KO,8,27
2004,10,MO,8,27
2004,10,NO,8,27
2004,10,SF,8,27
2004,40,CO,8,20
2004,40,FB,8,20
2004,40,KC,8,20
2004,40,KO,8,20
2004,40,MO,8,20
2004,40,NO,8,20
2004,40,SF,8,20
2004,10,CO,9,27
2004,10,FB,9,28
2004,10,KC,9,28
2004,10,KO,9,28
2004,10,MO,9,27
2004,10,NO,9,27
2004,10,SF,9,27
2004,40,CO,9,20
2004,40,FB,9,20
2004,40,KC,9,20
2004,40,KO,9,20
2004,40,MO,9,20
2004,40,NO,9,20
2004,40,SF,9,20
2004,10,CO,10,28
2004,10,KO,10,26
2004,10,NO,10,28
2004,10,SF,10,26
2004,40,CO,10,20
2004,40,FB,10,20
2004,40,KO,10,20
2004,40,MO,10,20
2004,40,NO,10,20
2004,40,SF,10,20
2004,10,CO,11,26
2004,10,KO,11,26
2004,10,NO,11,26
2004,40,CO,11,20
2004,40,FB,11,20
2004,40,NO,11,20
2004,40,SF,11,20
2004,10,CO,12,26
2004,40,CO,12,20
2005,40,FB,2,20
2005,10,CO,3,27
2005,10,KO,3,27
2005,10,NO,3,27
2005,40,CO,3,20
2005,40,FB,3,20
2005,40,NO,3,20
2005,10,CO,4,27
2005,10,KO,4,27
2005,10,NO,4,27
2005,40,CO,4,20
2005,40,FB,4,20
2005,40,MO,4,20
2005,40,NO,4,20
2005,40,SF,4,20
2005,10,CO,5,28
2005,10,MO,5,27
2005,10,NO,5,28
2005,40,CO,5,20
2005,40,FB,5,20
2005,40,KC,5,24
2005,40,KO,5,24
2005,40,MO,5,20
2005,40,NO,5,20
2005,40,SF,5,20
2005,10,MO,6,27
2005,10,NO,6,28
2005,40,CO,6,20
2005,40,FB,6,20
2005,40,KC,6,24
2005,40,KO,6,24
2005,40,MO,6,20
2005,40,NO,6,20
2005,40,SF,6,20
2005,10,MO,7,28
2005,10,SF,7,28
2005,40,CO,7,20
2005,40,FB,7,20
2005,40,KC,7,24
2005,40,KO,7,20
2005,40,MO,7,20
2005,40,NO,7,20
2005,40,SF,7,20
2005,10,MO,8,28
2005,10,SF,8,28
2005,40,CO,8,20
2005,40,FB,8,20
2005,40,KC,8,24
2005,40,KO,8,24
2005,40,MO,8,20
2005,40,NO,8,20
2005,40,SF,8,20
2005,10,CO,9,28
2005,10,FB,9,27
2005,10,KC,9,28
2005,10,KO,9,28
2005,10,MO,9,27
2005,10,NO,9,28
2005,10,SF,9,27
2005,40,CO,9,20
2005,40,FB,9,20
2005,40,KC,9,24
2005,40,KO,9,24
2005,40,MO,9,20
2005,40,NO,9,20
2005,40,SF,9,20
2005,10,CO,10,28
2005,10,KO,10,26
2005,10,NO,10,28
2005,10,SF,10,26
2005,40,CO,10,20
2005,40,FB,10,20
2005,40,KO,10,20
2005,40,NO,10,20
2005,40,SF,10,20
2005,10,CO,11,26
2005,10,KO,11,26
2005,10,NO,11,26
2005,40,CO,11,20
2005,40,FB,11,20
2005,40,NO,11,20
2005,40,SF,11,20
2005,10,CO,12,26
2005,40,CO,12,20
2006,40,FB,2,20
2006,40,CO,3,20
2006,40,FB,3,20
2006,40,NO,3,20
2006,40,CO,4,20
2006,40,FB,4,20
2006,40,MO,4,20
2006,40,NO,4,20
2006,40,SF,4,20
2006,10,MO,5,27
2006,40,CO,5,20
2006,40,FB,5,20
2006,40,KC,5,24
2006,40,KO,5,24
2006,40,MO,5,20
2006,40,NO,5,20
2006,40,SF,5,20
2006,10,MO,6,27
2006,10,NO,6,28
2006,40,CO,6,20
2006,40,FB,6,20
2006,40,KC,6,24
2006,40,KO,6,24
2006,40,MO,6,20
2006,40,NO,6,20
2006,40,SF,6,20
2006,10,MO,7,28
2006,10,NO,7,28
2006,10,SF,7,28
2006,40,CO,7,20
2006,40,FB,7,20
2006,40,KC,7,24
2006,40,KO,7,20
2006,40,MO,7,20
2006,40,NO,7,20
2006,40,SF,7,20
2006,10,MO,8,28
2006,10,NO,8,28
2006,10,SF,8,28
2006,40,CO,8,20
2006,40,FB,8,20
2006,40,MO,8,20
2006,40,NO,8,20
2006,40,SF,8,20
2006,10,CO,9,28
2006,10,FB,9,27
2006,10,KO,9,28
2006,10,MO,9,27
2006,10,NO,9,28
2006,10,SF,9,27
2006,40,CO,9,20
2006,40,FB,9,20
2006,40,KC,9,24
2006,40,KO,9,20
2006,40,MO,9,20
2006,40,NO,9,20
2006,40,SF,9,20
2006,10,CO,10,28
2006,10,KO,10,28
2006,10,NO,10,28
2006,10,SF,10,26
2006,40,CO,10,20
2006,40,FB,10,20
2006,40,KO,10,20
2006,40,NO,10,20
2006,40,SF,10,20
2006,10,CO,11,28
2006,10,KO,11,28
2006,10,NO,11,28
2006,40,CO,11,20
2006,40,FB,11,20
2006,40,NO,11,20
2006,40,SF,11,20
2006,10,CO,12,28
2006,40,CO,12,20
2007,40,FB,2,20
2007,40,CO,3,24
2007,40,FB,3,20
2007,40,NO,3,24
2007,10,CO,4,28
2007,10,FB,4,27
2007,10,KO,4,28
2007,10,NO,4,28
2007,40,CO,4,24
2007,40,FB,4,20
2007,40,MO,4,20
2007,40,NO,4,24
2007,40,SF,4,20
2007,10,CO,5,28
2007,10,KO,5,28
2007,10,MO,5,27
2007,10,NO,5,28
2007,10,SF,5,27
2007,40,CO,5,24
2007,40,FB,5,20
2007,40,KC,5,24
2007,40,KO,5,24
2007,40,MO,5,20
2007,40,NO,5,24
2007,40,SF,5,20
2007,10,CO,6,28
2007,10,KO,6,28
2007,10,MO,6,27
2007,10,NO,6,28
2007,40,CO,6,24
2007,40,FB,6,20
2007,40,KC,6,24
2007,40,KO,6,24
2007,40,MO,6,20
2007,40,NO,6,24
2007,40,SF,6,20
2007,10,CO,7,28
2007,10,KO,7,28
2007,10,MO,7,28
2007,10,NO,7,28
2007,10,SF,7,28
2007,40,CO,7,24
2007,40,FB,7,20
2007,40,KC,7,24
2007,40,KO,7,24
2007,40,MO,7,20
2007,40,NO,7,24
2007,40,SF,7,20
2007,10,CO,8,28
2007,10,FB,8,28
2007,10,KO,8,28
2007,10,MO,8,28
2007,10,NO,8,28
2007,10,SF,8,28
2007,40,CO,8,24
2007,40,FB,8,20
2007,40,KC,8,24
2007,40,KO,8,24
2007,40,MO,8,20
2007,40,NO,8,24
2007,40,SF,8,20
2007,10,CO,9,28
2007,10,FB,9,27
2007,10,KC,9,28
2007,10,KO,9,28
2007,10,MO,9,27
2007,10,NO,9,28
2007,10,SF,9,27
2007,40,CO,9,24
2007,40,FB,9,20
2007,40,KC,9,24
2007,40,KO,9,24
2007,40,MO,9,20
2007,40,NO,9,24
2007,40,SF,9,20
2007,10,CO,10,28
2007,10,KO,10,28
2007,10,NO,10,28
2007,10,SF,10,27
2007,40,CO,10,24
2007,40,FB,10,20
2007,40,KO,10,24
2007,40,MO,10,20
2007,40,NO,10,24
2007,40,SF,10,20
2007,10,CO,11,28
2007,10,KO,11,28
2007,10,NO,11,28
2007,40,CO,11,24
2007,40,FB,11,20
2007,40,NO,11,24
2007,40,SF,11,20
2007,10,CO,12,28
2007,40,CO,12,24
2008,40,FB,2,20
2008,40,FB,3,20
2008,10,NO,9,28
2008,40,NO,9,24
2008,10,KO,10,28
2008,10,NO,10,28
2008,40,KO,10,24
2008,40,NO,10,24
2008,10,CO,11,28
2008,10,NO,11,28
2008,40,CO,11,24
2008,40,NO,11,24
2009,40,KC,8,24
2009,40,KO,8,24
2009,10,NO,9,28
2009,40,KC,9,24
2009,40,KO,9,24
2009,40,NO,9,24
2009,10,CO,10,28
2009,10,NO,10,28
2009,40,CO,10,20
2009,40,NO,10,24
2009,40,CO,11,20
2010,40,FB,4,20
2010,40,MO,4,20
2010,40,SF,4,20
2010,10,CO,5,28
2010,10,KO,5,28
2010,10,NO,5,28
2010,40,CO,5,24
2010,40,FB,5,24
2010,40,KC,5,24
2010,40,KO,5,24
2010,40,MO,5,24
2010,40,NO,5,24
2010,40,SF,5,24
2010,10,CO,6,28
2010,10,NO,6,28
2010,40,CO,6,24
2010,40,FB,6,24
2010,40,KC,6,24
2010,40,KO,6,24
2010,40,MO,6,24
2010,40,NO,6,24
2010,40,SF,6,24
2010,10,CO,7,28
2010,10,FB,7,27
2010,10,KO,7,28
2010,10,MO,7,27
2010,10,NO,7,28
2010,10,SF,7,27
2010,40,CO,7,24
2010,40,FB,7,24
2010,40,KC,7,24
2010,40,KO,7,24
2010,40,MO,7,24
2010,40,NO,7,24
2010,40,SF,7,24
2010,10,CO,8,28
2010,10,FB,8,27
2010,10,KO,8,28
2010,10,NO,8,28
2010,40,CO,8,24
2010,40,FB,8,24
2010,40,KC,8,24
2010,40,KO,8,24
2010,40,MO,8,24
2010,40,NO,8,24
2010,40,SF,8,24
2010,10,NO,9,28
2010,40,CO,9,24
2010,40,FB,9,24
2010,40,KC,9,24
2010,40,KO,9,24
2010,40,MO,9,24
2010,40,NO,9,24
2010,40,SF,9,24
2010,10,CO,10,28
2010,10,KO,10,28
2010,10,NO,10,28
2010,40,CO,10,24
2010,40,KO,10,24
2010,40,NO,10,24
2010,40,CO,11,24
2011,40,CO,3,24
2011,40,NO,3,24
2011,10,CO,4,28
2011,10,NO,4,28
2011,40,CO,4,24
2011,40,FB,4,24
2011,40,MO,4,24
2011,40,NO,4,24
2011,40,SF,4,24
2011,10,CO,5,28
2011,10,KO,5,28
2011,10,MO,5,27
2011,10,NO,5,28
2011,10,SF,5,27
2011,40,CO,5,24
2011,40,FB,5,24
2011,40,KC,5,24
2011,40,KO,5,24
2011,40,MO,5,24
2011,40,NO,5,24
2011,40,SF,5,24
2011,10,CO,6,28
2011,10,KO,6,28
2011,10,MO,6,27
2011,10,NO,6,28
2011,10,SF,6,27
2011,40,CO,6,24
2011,40,FB,6,24
2011,40,KC,6,24
2011,40,KO,6,24
2011,40,MO,6,24
2011,40,NO,6,24
2011,40,SF,6,24
2011,10,CO,7,28
2011,10,FB,7,27
2011,10,KC,7,27
2011,10,KO,7,28
2011,10,MO,7,27
2011,10,NO,7,28
2011,10,SF,7,27
2011,40,CO,7,24
2011,40,FB,7,24
2011,40,KC,7,24
2011,40,KO,7,24
2011,40,MO,7,24
2011,40,NO,7,24
2011,40,SF,7,24
2011,10,CO,8,28
2011,10,FB,8,27
2011,10,KC,8,27
2011,10,KO,8,28
2011,10,MO,8,27
2011,10,NO,8,28
2011,10,SF,8,27
2011,40,CO,8,24
2011,40,FB,8,24
2011,40,KC,8,24
2011,40,KO,8,24
2011,40,MO,8,24
2011,40,NO,8,24
2011,40,SF,8,24
2011,10,CO,9,28
2011,10,FB,9,27
2011,10,MO,9,27
2011,10,NO,9,28
2011,10,SF,9,27
2011,40,CO,9,24
2011,40,FB,9,24
2011,40,KC,9,24
2011,40,KO,9,24
2011,40,MO,9,24
2011,40,NO,9,24
2011,40,SF,9,24
2011,10,CO,10,28
2011,10,KO,10,28
2011,10,NO,10,28
2011,10,SF,10,27
2011,40,FB,10,24
2011,40,KO,10,24
2011,40,NO,10,24
2011,40,SF,10,24
2011,10,CO,11,24
2011,40,CO,11,24
2012,40,CO,3,24
2012,40,NO,3,24
2012,10,CO,4,28
2012,10,KO,4,28
2012,10,NO,4,28
2012,40,CO,4,24
2012,40,FB,4,20
2012,40,MO,4,24
2012,40,NO,4,24
2012,40,SF,4,24
2012,10,CO,5,28
2012,10,KO,5,28
2012,10,MO,5,27
2012,10,NO,5,28
2012,10,SF,5,27
2012,40,CO,5,24
2012,40,FB,5,20
2012,40,KC,5,20
2012,40,KO,5,24
2012,40,MO,5,24
2012,40,NO,5,24
2012,40,SF,5,24
2012,10,CO,6,28
2012,10,KO,6,28
2012,10,MO,6,27
2012,10,NO,6,28
2012,10,SF,6,27
2012,40,CO,6,24
2012,40,FB,6,20
2012,40,KC,6,20
2012,40,KO,6,24
2012,40,MO,6,24
2012,40,NO,6,24
2012,40,SF,6,24
2012,10,CO,7,28
2012,10,FB,7,27
2012,10,KO,7,28
2012,10,MO,7,27
2012,10,NO,7,28
2012,10,SF,7,27
2012,40,CO,7,24
2012,40,FB,7,20
2012,40,KC,7,20
2012,40,KO,7,24
2012,40,MO,7,20
2012,40,NO,7,24
2012,40,SF,7,20
2012,10,CO,8,28
2012,10,FB,8,27
2012,10,KO,8,28
2012,10,MO,8,27
2012,10,NO,8,28
2012,10,SF,8,27
2012,40,CO,8,24
2012,40,FB,8,20
2012,40,KC,8,20
2012,40,KO,8,24
2012,40,MO,8,20
2012,40,NO,8,24
2012,40,SF,8,20
2012,10,CO,9,28
2012,10,FB,9,27
2012,10,KC,9,27
2012,10,KO,9,28
2012,10,MO,9,26
2012,10,NO,9,28
2012,10,SF,9,26
2012,40,CO,9,24
2012,40,FB,9,20
2012,40,KC,9,20
2012,40,KO,9,24
2012,40,MO,9,20
2012,40,NO,9,24
2012,40,SF,9,20
2012,10,CO,10,28
2012,10,KO,10,28
2012,10,NO,10,28
2012,10,SF,10,26
2012,40,CO,10,24
2012,40,FB,10,20
2012,40,KO,10,24
2012,40,MO,10,20
2012,40,NO,10,24
2012,40,SF,10,20
2012,10,CO,11,26
2012,40,CO,11,24
2012,40,FB,11,20
2012,40,SF,11,20
2013,40,CO,3,24
2013,40,NO,3,24
2013,10,CO,4,28
2013,10,KO,4,28
2013,10,NO,4,28
2013,40,CO,4,24
2013,40,FB,4,20
2013,40,MO,4,24
2013,40,NO,4,24
2013,40,SF,4,24
2013,10,CO,5,28
2013,10,FB,5,27
2013,10,KC,5,27
2013,10,KO,5,28
2013,10,MO,5,27
2013,10,NO,5,28
2013,10,SF,5,27
2013,40,CO,5,24
2013,40,FB,5,20
2013,40,KC,5,20
2013,40,KO,5,24
2013,40,MO,5,24
2013,40,NO,5,24
2013,40,SF,5,24
2013,10,CO,6,28
2013,10,FB,6,27
2013,10,KC,6,27
2013,10,KO,6,28
2013,10,MO,6,27
2013,10,NO,6,28
2013,10,SF,6,27
2013,40,CO,6,24
2013,40,FB,6,20
2013,40,KC,6,20
2013,40,KO,6,24
2013,40,MO,6,24
2013,40,NO,6,24
2013,40,SF,6,24
2013,10,CO,7,28
2013,10,FB,7,27
2013,10,KC,7,27
2013,10,KO,7,28
2013,10,MO,7,27
2013,10,NO,7,28
2013,10,SF,7,27
2013,40,CO,7,24
2013,40,FB,7,20
2013,40,KC,7,20
2013,40,KO,7,24
2013,40,MO,7,24
2013,40,NO,7,24
2013,40,SF,7,24
2013,10,CO,8,28
2013,10,FB,8,27
2013,10,KC,8,27
2013,10,KO,8,28
2013,10,MO,8,27
2013,10,NO,8,28
2013,10,SF,8,27
2013,40,CO,8,24
2013,40,FB,8,20
2013,40,KC,8,20
2013,40,KO,8,24
2013,40,MO,8,24
2013,40,NO,8,24
2013,40,SF,8,20
2013,10,CO,9,28
2013,10,FB,9,27
2013,10,KC,9,27
2013,10,KO,9,28
2013,10,MO,9,26
2013,10,NO,9,28
2013,10,SF,9,26
2013,40,CO,9,24
2013,40,FB,9,20
2013,40,KC,9,20
2013,40,KO,9,24
2013,40,MO,9,24
2013,40,NO,9,24
2013,40,SF,9,20
2013,10,CO,10,28
2013,10,KO,10,28
2013,10,NO,10,28
2013,10,SF,10,26
2013,40,CO,10,24
2013,40,FB,10,20
2013,40,KO,10,24
2013,40,MO,10,24
2013,40,NO,10,24
2013,40,SF,10,20
2013,10,CO,11,26
2013,40,CO,11,24
2013,40,FB,11,20
2013,40,SF,11,20
2014,40,CO,3,24
2014,40,NO,3,24
2014,10,CO,4,28
2014,10,KO,4,28
2014,10,NO,4,28
2014,40,CO,4,24
2014,40,FB,4,20
2014,40,MO,4,24
2014,40,NO,4,24
2014,40,SF,4,24
2014,10,CO,5,28
2014,10,KO,5,28
2014,10,MO,5,27
2014,10,NO,5,28
2014,10,SF,5,27
2014,40,CO,5,24
2014,40,FB,5,20
2014,40,KC,5,24
2014,40,KO,5,24
2014,40,MO,5,24
2014,40,NO,5,24
2014,40,SF,5,24
2014,10,CO,6,28
2014,10,FB,6,27
2014,10,KO,6,28
2014,10,MO,6,27
2014,10,NO,6,28
2014,10,SF,6,27
2014,40,CO,6,24
2014,40,FB,6,20
2014,40,KC,6,24
2014,40,KO,6,24
2014,40,MO,6,24
2014,40,NO,6,24
2014,40,SF,6,24
2014,10,CO,7,28
2014,10,FB,7,27
2014,10,KO,7,28
2014,10,MO,7,27
2014,10,NO,7,28
2014,10,SF,7,27
2014,40,CO,7,24
2014,40,FB,7,20
2014,40,KC,7,24
2014,40,KO,7,24
2014,40,MO,7,24
2014,40,NO,7,24
2014,40,SF,7,20
2014,10,CO,8,28
2014,10,FB,8,27
2014,10,KO,8,28
2014,10,MO,8,27
2014,10,NO,8,28
2014,10,SF,8,27
2014,40,CO,8,24
2014,40,FB,8,20
2014,40,KC,8,24
2014,40,KO,8,24
2014,40,MO,8,24
2014,40,NO,8,24
2014,40,SF,8,20
2014,10,CO,9,28
2014,10,FB,9,27
2014,10,KC,9,27
2014,10,KO,9,28
2014,10,NO,9,28
2014,10,SF,9,26
2014,40,CO,9,24
2014,40,FB,9,20
2014,40,KC,9,24
2014,40,KO,9,24
2014,40,MO,9,24
2014,40,NO,9,24
2014,40,SF,9,20
2014,10,CO,10,28
2014,10,KO,10,28
2014,10,NO,10,28
2014,10,SF,10,26
2014,40,CO,10,24
2014,40,FB,10,20
2014,40,KO,10,24
2014,40,MO,10,24
2014,40,NO,10,24
2014,40,SF,10,20
2014,10,CO,11,26
2014,40,CO,11,24
2014,40,FB,11,20
2014,40,SF,11,20
2015,40,CO,3,24
2015,40,NO,3,24
2015,10,CO,4,28
2015,10,KO,4,28
2015,10,NO,4,28
2015,40,CO,4,24
2015,40,FB,4,20
2015,40,MO,4,24
2015,40,NO,4,24
2015,40,SF,4,24
2015,10,CO,5,28
2015,10,FB,5,27
2015,10,KO,5,28
2015,10,MO,5,27
2015,10,NO,5,28
2015,10,SF,5,27
2015,40,CO,5,24
2015,40,FB,5,20
2015,40,KC,5,20
2015,40,KO,5,24
2015,40,MO,5,24
2015,40,NO,5,24
2015,40,SF,5,20
2015,10,CO,6,28
2015,10,FB,6,27
2015,10,KO,6,28
2015,10,MO,6,27
2015,10,NO,6,28
2015,10,SF,6,27
2015,40,CO,6,24
2015,40,FB,6,20
2015,40,KC,6,20
2015,40,KO,6,24
2015,40,MO,6,20
2015,40,NO,6,24
2015,40,SF,6,20
2015,10,CO,7,28
2015,10,FB,7,27
2015,10,KO,7,28
2015,10,MO,7,27
2015,10,NO,7,28
2015,10,SF,7,27
2015,40,CO,7,24
2015,40,FB,7,20
2015,40,KC,7,20
2015,40,KO,7,24
2015,40,MO,7,20
2015,40,NO,7,24
2015,40,SF,7,20
2015,10,CO,8,28
2015,10,FB,8,27
2015,10,KO,8,28
2015,10,MO,8,27
2015,10,NO,8,28
2015,10,SF,8,27
2015,40,CO,8,24
2015,40,FB,8,20
2015,40,KC,8,20
2015,40,KO,8,24
2015,40,MO,8,20
2015,40,NO,8,24
2015,40,SF,8,20
2015,10,CO,9,28
2015,10,FB,9,27
2015,10,KC,9,28
2015,10,NO,9,28
2015,10,SF,9,26
2015,40,CO,9,24
2015,40,FB,9,20
2015,40,KC,9,20
2015,40,KO,9,24
2015,40,MO,9,20
2015,40,NO,9,24
2015,40,SF,9,20
2015,10,CO,10,26
2015,10,KO,10,28
2015,10,NO,10,28
2015,10,SF,10,26
2015,40,CO,10,24
2015,40,FB,10,20
2015,40,KO,10,24
2015,40,NO,10,24
2015,40,SF,10,20
2015,10,CO,11,26
2015,40,CO,11,24
2015,40,FB,11,20
2016,40,CO,3,24
2016,40,NO,3,24
2016,10,CO,4,28
2016,10,KO,4,28
2016,10,NO,4,28
2016,40,CO,4,24
2016,40,FB,4,20
2016,40,MO,4,24
2016,40,NO,4,24
2016,40,SF,4,24
2016,10,CO,5,28
2016,10,KO,5,28
2016,10,MO,5,27
2016,10,NO,5,28
2016,10,SF,5,27
2016,40,CO,5,24
2016,40,FB,5,20
2016,40,KC,5,20
2016,40,KO,5,24
2016,40,MO,5,24
2016,40,NO,5,24
2016,40,SF,5,20
2016,10,CO,6,28
2016,10,FB,6,27
2016,10,KO,6,28
2016,10,MO,6,27
2016,10,NO,6,28
2016,10,SF,6,27
2016,40,CO,6,24
2016,40,FB,6,20
2016,40,KC,6,20
2016,40,KO,6,24
2016,40,MO,6,24
2016,40,NO,6,24
2016,40,SF,6,20
2016,10,CO,7,28
2016,10,KO,7,28
2016,10,NO,7,28
2016,40,CO,7,24
2016,40,FB,7,20
2016,40,KC,7,20
2016,40,KO,7,24
2016,40,MO,7,24
2016,40,NO,7,24
2016,40,SF,7,20
2016,10,CO,8,28
2016,10,FB,8,27
2016,10,NO,8,28
2016,10,SF,8,27
2016,40,CO,8,24
2016,40,FB,8,20
2016,40,KC,8,20
2016,40,KO,8,24
2016,40,NO,8,24
2016,40,SF,8,20
2016,10,CO,9,28
2016,10,FB,9,27
2016,10,KC,9,28
2016,10,NO,9,28
2016,10,SF,9,26
2016,40,CO,9,24
2016,40,FB,9,20
2016,40,KC,9,20
2016,40,KO,9,24
2016,40,NO,9,24
2016,40,SF,9,20
2016,10,CO,10,28
2016,10,KO,10,28
2016,10,NO,10,28
2016,10,SF,10,26
2016,40,CO,10,24
2016,40,FB,10,20
2016,40,KO,10,24
2016,40,NO,10,24
2016,40,SF,10,20
2016,10,CO,11,26
2016,40,CO,11,24
2016,40,FB,11,20
2017,40,CO,3,24
2017,40,NO,3,24
2017,10,NO,4,28
2017,40,CO,4,24
2017,40,FB,4,20
2017,40,MO,4,24
2017,40,NO,4,24
2017,40,SF,4,24
2017,10,MO,5,27
2017,10,NO,5,28
2017,40,CO,5,24
2017,40,FB,5,20
2017,40,MO,5,24
2017,40,NO,5,24
2017,40,SF,5,20
2017,10,MO,6,27
2017,10,NO,6,28
2017,40,CO,6,24
2017,40,MO,6,24
2017,40,NO,6,24
2017,40,SF,6,20
2017,10,NO,7,28
2017,40,CO,7,24
2017,40,MO,7,24
2017,40,NO,7,24
2017,40,SF,7,20
2017,10,SF,8,27
2017,40,CO,8,24
2017,40,FB,8,20
2017,40,NO,8,24
2017,40,SF,8,20
2017,10,FB,9,27
2017,10,NO,9,28
2017,10,SF,9,26
2017,40,CO,9,24
2017,40,FB,9,20
2017,40,NO,9,24
2017,40,SF,9,20
2017,10,CO,10,26
2017,10,KO,10,28
2017,10,NO,10,28
2017,10,SF,10,26
2017,40,CO,10,24
2017,40,FB,10,20
2017,40,KO,10,28
2017,40,NO,10,24
2017,40,SF,10,20
2017,10,CO,11,26
2017,40,CO,11,24
2017,40,FB,11,20
2018,40,CO,3,24
2018,40,NO,3,24
2018,40,CO,4,24
2018,40,MO,4,24
2018,40,NO,4,24
2018,10,CO,5,28
2018,10,KC,5,26
2018,10,KO,5,28
2018,10,MO,5,26
2018,10,NO,5,28
2018,40,CO,5,24
2018,40,KO,5,24
2018,40,MO,5,24
2018,40,NO,5,24
2018,10,CO,6,28
2018,10,KC,6,26
2018,10,KO,6,28
2018,10,MO,6,26
2018,10,NO,6,28
2018,40,CO,6,24
2018,40,FB,6,20
2018,40,KC,6,20
2018,40,KO,6,24
2018,40,MO,6,24
2018,40,NO,6,24
2018,40,SF,6,20
2018,10,CO,7,28
2018,10,FB,7,26
2018,10,KC,7,26
2018,10,KO,7,28
2018,10,NO,7,28
2018,10,SF,7,26
2018,40,CO,7,24
2018,40,FB,7,20
2018,40,KC,7,20
2018,40,KO,7,24
2018,40,MO,7,24
2018,40,NO,7,24
2018,40,SF,7,20
2018,10,CO,8,28
2018,10,FB,8,26
2018,10,KC,8,26
2018,10,KO,8,28
2018,10,NO,8,28
2018,10,SF,8,26
2018,40,CO,8,24
2018,40,FB,8,20
2018,40,KC,8,20
2018,40,KO,8,24
2018,40,NO,8,24
2018,40,SF,8,20
2018,10,CO,9,28
2018,10,FB,9,26
2018,10,NO,9,28
2018,10,SF,9,26
2018,40,CO,9,24
2018,40,FB,9,20
2018,40,KC,9,20
2018,40,NO,9,24
2018,40,SF,9,20
2018,10,CO,10,28
2018,10,KO,10,28
2018,10,NO,10,28
2018,10,SF,10,26
2018,40,CO,10,24
2018,40,FB,10,20
2018,40,KO,10,28
2018,40,NO,10,24
2018,40,SF,10,20
2018,10,CO,11,26
2018,40,CO,11,24
2019,40,CO,3,24
2019,40,NO,3,24
2019,10,CO,4,28
2019,10,KO,4,28
2019,10,NO,4,28
2019,40,CO,4,24
2019,40,FB,4,20
2019,40,MO,4,24
2019,40,NO,4,24
2019,40,SF,4,24
2019,10,CO,5,28
2019,10,KO,5,28
2019,10,MO,5,27
2019,10,NO,5,28
2019,10,SF,5,27
2019,40,CO,5,24
2019,40,FB,5,20
2019,40,KC,5,20
2019,40,KO,5,24
2019,40,MO,5,24
2019,40,NO,5,24
2019,40,SF,5,20
2019,10,CO,6,28
2019,10,FB,6,27
2019,10,KC,6,27
2019,10,KO,6,28
2019,10,MO,6,27
2019,10,NO,6,28
2019,10,SF,6,27
2019,40,CO,6,24
2019,40,FB,6,20
2019,40,KC,6,20
2019,40,KO,6,24
2019,40,MO,6,24
2019,40,NO,6,24
2019,40,SF,6,20
2019,10,CO,7,28
2019,10,FB,7,27
2019,10,KC,7,27
2019,10,KO,7,28
2019,10,MO,7,27
2019,10,NO,7,28
2019,10,SF,7,27
2019,40,CO,7,24
2019,40,FB,7,20
2019,40,KC,7,20
2019,40,KO,7,24
2019,40,MO,7,24
2019,40,NO,7,24
2019,40,SF,7,20
2019,10,CO,8,28
2019,10,FB,8,27
2019,10,KC,8,27
2019,10,KO,8,28
2019,10,NO,8,28
2019,10,SF,8,27
2019,40,CO,8,24
2019,40,FB,8,20
2019,40,KC,8,20
2019,40,KO,8,24
2019,40,MO,8,24
2019,40,NO,8,24
2019,40,SF,8,20
2019,10,CO,9,28
2019,10,NO,9,28
2019,10,SF,9,27
2019,40,CO,9,24
2019,40,FB,9,20
2019,40,KC,9,20
2019,40,KO,9,24
2019,40,NO,9,24
2019,40,SF,9,20
2019,10,CO,10,28
2019,10,NO,10,28
2019,10,SF,10,27
2019,40,CO,10,24
2019,40,FB,10,20
2019,40,NO,10,24
2019,40,SF,10,20
2020,10,CO,4,28
2020,10,KO,4,28
2020,10,NO,4,28
2020,10,CO,5,28
2020,10,KO,5,28
2020,10,MO,5,27
2020,10,NO,5,28
2020,10,SF,5,27
2020,10,CO,6,28
2020,10,KO,6,28
2020,10,MO,6,27
2020,10,NO,6,28
2020,10,SF,6,27
2020,10,CO,7,28
2020,10,KO,7,28
2020,10,MO,7,27
2020,10,NO,7,28
2020,10,SF,7,27
2020,10,CO,8,28
2020,10,FB,8,27
2020,10,MO,8,27
2020,10,NO,8,28
2020,10,SF,8,27
2020,10,CO,9,28
2020,10,FB,9,27
2020,10,NO,9,28
2020,10,SF,9,26
2020,10,CO,10,28
2020,10,NO,10,28
2020,10,SF,10,26
2020,40,CO,3,24
2020,40,NO,3,24
2020,40,CO,4,24
2020,40,NO,4,24
2020,40,CO,5,24
2020,40,FB,5,20
2020,40,MO,5,24
2020,40,NO,5,24
2020,40,SF,5,20
2020,40,CO,6,24
2020,40,FB,6,20
2020,40,KC,6,20
2020,40,KO,6,24
2020,40,MO,6,24
2020,40,NO,6,24
2020,40,SF,6,20
2020,40,CO,7,24
2020,40,FB,7,20
2020,40,KC,7,20
2020,40,KO,7,24
2020,40,MO,7,24
2020,40,NO,7,24
2020,40,SF,7,20
2020,40,CO,8,24
2020,40,FB,8,20
2020,40,KC,8,20
2020,40,KO,8,24
2020,40,MO,8,24
2020,40,NO,8,24
2020,40,SF,8,20
2020,40,CO,9,24
2020,40,FB,9,20
2020,40,MO,9,24
2020,40,NO,9,24
2020,40,SF,9,20
2020,40,CO,10,24
2020,40,FB,10,20
2020,40,MO,10,24
2020,40,NO,10,24
2020,40,SF,10,20
2020,40,FB,11,20
2020,40,SF,11,20
2021,10,KO,3,28
2021,10,NO,3,28
2021,10,KO,4,28
2021,10,NO,4,28
2021,10,CO,5,28
2021,10,KO,5,28
2021,10,MO,5,27
2021,10,NO,5,28
2021,10,CO,6,28
2021,10,KO,6,28
2021,10,MO,6,27
2021,10,NO,6,28
2021,10,SF,6,27
2021,10,CO,7,28
2021,10,KO,7,28
2021,10,MO,7,27
2021,10,NO,7,28
2021,10,SF,7,27
2021,10,CO,8,28
2021,10,FB,8,27
2021,10,MO,8,27
2021,10,NO,8,28
2021,10,SF,8,27
2021,10,CO,9,28
2021,10,FB,9,27
2021,10,NO,9,28
2021,10,SF,9,26
2021,10,CO,10,28
2021,10,NO,10,28
2021,10,SF,10,26
2021,40,CO,3,24
2021,40,NO,3,24
2021,40,CO,4,24
2021,40,MO,4,24
2021,40,NO,4,24
2021,40,CO,5,24
2021,40,MO,5,24
2021,40,NO,5,24
2021,40,CO,6,24
2021,40,FB,6,20
2021,40,KC,6,20
2021,40,KO,6,24
2021,40,MO,6,24
2021,40,NO,6,24
2021,40,SF,6,20
2021,40,CO,7,24
2021,40,FB,7,20
2021,40,KC,7,20
2021,40,KO,7,24
2021,40,MO,7,24
2021,40,NO,7,24
2021,40,SF,7,20
2021,40,CO,8,24
2021,40,FB,8,20
2021,40,KC,8,20
2021,40,KO,8,24
2021,40,MO,8,24
2021,40,NO,8,24
2021,40,SF,8,20
2021,40,CO,9,24
2021,40,FB,9,20
2021,40,MO,9,24
2021,40,NO,9,24
2021,40,SF,9,20
2021,40,CO,10,24
2021,40,FB,10,20
2021,40,NO,10,24
2021,40,SF,10,20
2002,40,NF,7,24
